name,age,city,hair,eyes,tatoo
Yetta Franks,28,Colbún,Brown,Brown,yes
Yetta Knapp,33,Agartala,Brown,Brown,yes
Scarlett Roach,56,Millport,Brown,Brown,yes
Rinah Villarreal,21,Butte,Brown,Brown,yes
Hollee Walton,53,Kaneohe,Brown,Brown,yes
Meghan Cook,18,Valley East,Brown,Brown,yes
Zephr Forbes,49,Amberloup,Brown,Brown,yes
Kirby Montgomery,80,Bijapur,Brown,Brown,yes
Noel Morgan,51,Limburg a.d. Lahn,Brown,Brown,yes
Alexis Nelson,78,Habay-la-Vieille,Brown,Brown,yes
Laurel Cruz,23,Finkenstein am Faaker See,Black,Grey,no
Holly Richardson,54,Ch‰tillon,Black,Grey,no
Leah Hampton,18,Requínoa,Black,Grey,no
Molly Cain,42,Wangaratta,Black,Grey,no
Naomi Jackson,66,Piringen,Black,Grey,no
Britanney Donaldson,26,Milnathort,Black,Grey,no
Maite Huffman,74,Albury,Black,Grey,no
Remedios Ruiz,52,San Juan (San Juan de Tibás),Black,Grey,no
Kyra Mays,31,Hawera,Black,Grey,no
Mona Roman,42,Lanaken,Black,Grey,no
Freya Mcmahon,21,Sitapur,Blonde,Green,yes
Myra Knight,55,Diets-Heur,Blonde,Green,yes
Bell Navarro,49,Antey-Saint-Andrè,Blonde,Green,yes
Dacey Kim,77,Vucht,Blonde,Green,yes
Emma Casey,51,Graven Grez-Doiceau,Blonde,Green,yes
Wilma Salazar,42,Meridian,Blonde,Green,yes
Hanna Little,35,Gressoney-Saint-Jean,Blonde,Green,yes
Eve Randolph,74,Columbia,Blonde,Green,yes
Halee Randolph,59,Worcester,Blonde,Green,yes
Alisa William,51,Abingdon,Blonde,Green,yes
Claire Harmon,78,Trivigno,Ginger,Blue,no
Marah Martin,49,Pitrufquén,Ginger,Blue,no
Taylor Wallace,25,Zellik,Ginger,Blue,no
Illiana Phelps,55,Christchurch,Ginger,Blue,no
Adena Fields,56,Dehradun,Ginger,Blue,no
Rina Vargas,56,Sant'Egidio alla Vibrata,Ginger,Blue,no
Abigail Burks,41,Talca,Ginger,Blue,no
Meredith Bryan,29,Kamalia,Ginger,Blue,no
Grace Patrick,14,Carpignano Salentino,Ginger,Blue,no
Angelica Black,50,Gudivada,Ginger,Blue,no
Quin Cummings,55,Hard,Grey,Multi,yes
Quon Buckner,36,Wenduine,Grey,Multi,yes
Fatima Castaneda,52,Wilmington,Grey,Multi,yes
Isadora Tyler,73,Rixensart,Grey,Multi,yes
Bertha Luna,28,Halanzy,Grey,Multi,yes
Azalia Mckee,55,Bowling Green,Grey,Multi,yes
Lilah Marks,34,Fort McPherson,Grey,Multi,yes
Gwendolyn Robles,27,Cropalati,Grey,Multi,yes
Mechelle Maynard,52,Colloredo di Monte Albano,Grey,Multi,yes
Deanna Hunt,72,Parla,Grey,Multi,yes
Libby Hughes,29,Pemberton,Pink,Brown,no
Mari Small,63,Los Sauces,Pink,Brown,no
Heather Howell,63,San Nicolás,Pink,Brown,no
Mariam Vargas,26,San Venanzo,Pink,Brown,no
Jacqueline Rutledge,19,Chatillon,Pink,Brown,no
Cara Stanton,25,Modena,Pink,Brown,no
Lysandra Rowland,42,Nagpur,Pink,Brown,no
Alexa Ramirez,66,Adana,Pink,Brown,no
Cassady Kelley,36,Chañaral,Pink,Brown,no
Celeste Pate,37,Baie-Saint-Paul,Pink,Brown,no
Barbara Waller,61,Holywell,Green,Grey,yes
Fallon Michael,74,Pierrefonds,Green,Grey,yes
Lacota Ferguson,69,Petorca,Green,Grey,yes
Anika Duran,48,Guysborough,Green,Grey,yes
Delilah Long,54,Santa Flavia,Green,Grey,yes
Idola Chavez,30,Acireale,Green,Grey,yes
Galena Delaney,67,Calvi Risorta,Green,Grey,yes
Kyra Velazquez,67,Toernich,Green,Grey,yes
Gillian Vaughan,71,Chełm,Green,Grey,yes
Zorita Goodwin,58,Calder,Green,Grey,yes
Felicia Deleon,50,Pontypridd,Blue,Green,no
Aphrodite Jacobson,78,Siegendorf,Blue,Green,no
Galena Cox,25,Kohima,Blue,Green,no
Charissa Grimes,31,Saint-Louis,Blue,Green,no
Gloria Howard,34,Sauris,Blue,Green,no
Rachel Grant,26,Neunkirchen,Blue,Green,no
Cassady Macdonald,36,Macklin,Blue,Green,no
Wynne Watson,68,Desteldonk,Blue,Green,no
Madeline Kim,65,Fürth,Blue,Green,no
Fiona Knowles,35,Fossato di Vico,Blue,Green,no
Rhiannon Whitley,79,Juazeiro,Brown,Blue,yes
Kiara Rios,45,Saguenay,Brown,Blue,yes
Beverly Hebert,18,Tours,Brown,Blue,yes
Alexandra Gilbert,60,Cockburn,Brown,Blue,yes
Aspen Talley,20,Tufo,Brown,Blue,yes
Dakota Spears,62,San Miguel,Brown,Blue,yes
Eve Bishop,42,Manavgat,Brown,Blue,yes
Kylan Knox,33,Autre-Eglise,Brown,Blue,yes
Pandora Woodard,34,Cercemaggiore,Brown,Blue,yes
Winifred Phillips,25,Nieuwmunster,Brown,Blue,yes
Maggy Goodman,71,Oswestry,Black,Multi,no
Halee Whitaker,68,Tintange,Black,Multi,no
Kylie Hammond,77,Bazel,Black,Multi,no
Shaine Coffey,75,Munger,Black,Multi,no
Rebecca Estrada,39,Calmar,Black,Multi,no
Vanna Chase,56,Neunkirchen,Black,Multi,no
Savannah Bradley,80,Delta,Black,Multi,no
Kai Riley,31,Pinto,Black,Multi,no
Maya Booker,21,Trier,Black,Multi,no
Yvonne Stout,53,Florida,Black,Multi,no
Add Comment Collapse